account_id,username,password,wishlist,permissions
0,user0,password,99 36,LOGIN BORROW LEND ADD_TO_WISHLIST CREATE_ITEM
1,user1,password, ,LOGIN BORROW LEND ADD_TO_WISHLIST CREATE_ITEM
2,user2,password,8 90 0,LOGIN BORROW LEND ADD_TO_WISHLIST CREATE_ITEM
3,user3,password,2 21 56,LOGIN BORROW LEND ADD_TO_WISHLIST CREATE_ITEM
4,user4,password,59 54 31,LOGIN BORROW LEND ADD_TO_WISHLIST CREATE_ITEM
5,user5,password, ,LOGIN BORROW LEND ADD_TO_WISHLIST CREATE_ITEM
6,user6,password,31 15,LOGIN BORROW LEND ADD_TO_WISHLIST CREATE_ITEM
7,user7,password,40,LOGIN BORROW LEND ADD_TO_WISHLIST CREATE_ITEM
8,user8,password, ,LOGIN BORROW LEND ADD_TO_WISHLIST CREATE_ITEM
9,user9,password,14 43,LOGIN BORROW LEND ADD_TO_WISHLIST CREATE_ITEM
10,user10,password,80 25,LOGIN BORROW LEND ADD_TO_WISHLIST CREATE_ITEM
11,user11,password, ,LOGIN BORROW LEND ADD_TO_WISHLIST CREATE_ITEM
12,user12,password,6 86 98,LOGIN BORROW LEND ADD_TO_WISHLIST CREATE_ITEM
13,user13,password, ,LOGIN BORROW LEND ADD_TO_WISHLIST CREATE_ITEM
14,user14,password,31 12 2,LOGIN BORROW LEND ADD_TO_WISHLIST CREATE_ITEM
15,user15,password, ,LOGIN BORROW LEND ADD_TO_WISHLIST CREATE_ITEM
16,user16,password,63 91 95,LOGIN BORROW LEND ADD_TO_WISHLIST CREATE_ITEM
17,user17,password,15 66,LOGIN BORROW LEND ADD_TO_WISHLIST CREATE_ITEM
18,user18,password,60,LOGIN BORROW LEND ADD_TO_WISHLIST CREATE_ITEM
19,user19,password,25,LOGIN BORROW LEND ADD_TO_WISHLIST CREATE_ITEM
20,user20,password,54,LOGIN BORROW LEND ADD_TO_WISHLIST CREATE_ITEM
21,user21,password,22,LOGIN BORROW LEND ADD_TO_WISHLIST CREATE_ITEM
22,user22,password, ,LOGIN BORROW LEND ADD_TO_WISHLIST CREATE_ITEM
23,user23,password,14,LOGIN BORROW LEND ADD_TO_WISHLIST CREATE_ITEM
24,user24,password,72,LOGIN BORROW LEND ADD_TO_WISHLIST CREATE_ITEM
25,user25,password,85 10 2,LOGIN BORROW LEND ADD_TO_WISHLIST CREATE_ITEM
26,user26,password,60 0 17,LOGIN BORROW LEND ADD_TO_WISHLIST CREATE_ITEM
27,user27,password,63 59,LOGIN BORROW LEND ADD_TO_WISHLIST CREATE_ITEM
28,user28,password,69 98,LOGIN BORROW LEND ADD_TO_WISHLIST CREATE_ITEM
29,user29,password,3,LOGIN BORROW LEND ADD_TO_WISHLIST CREATE_ITEM
30,user30,password,47 67 48,LOGIN BORROW LEND ADD_TO_WISHLIST CREATE_ITEM
31,user31,password,40,LOGIN BORROW LEND ADD_TO_WISHLIST CREATE_ITEM
32,user32,password,23,LOGIN BORROW LEND ADD_TO_WISHLIST CREATE_ITEM
33,user33,password, ,LOGIN BORROW LEND ADD_TO_WISHLIST CREATE_ITEM
34,user34,password,9,LOGIN BORROW LEND ADD_TO_WISHLIST CREATE_ITEM
35,user35,password, ,LOGIN BORROW LEND ADD_TO_WISHLIST CREATE_ITEM
36,user36,password, ,LOGIN BORROW LEND ADD_TO_WISHLIST CREATE_ITEM
37,user37,password,91 26,LOGIN BORROW LEND ADD_TO_WISHLIST CREATE_ITEM
38,user38,password,25,LOGIN BORROW LEND ADD_TO_WISHLIST CREATE_ITEM
39,user39,password,38 86,LOGIN BORROW LEND ADD_TO_WISHLIST CREATE_ITEM
40,user40,password,92 36 5,LOGIN BORROW LEND ADD_TO_WISHLIST CREATE_ITEM
41,user41,password, ,LOGIN BORROW LEND ADD_TO_WISHLIST CREATE_ITEM
42,user42,password,96 88 72,LOGIN BORROW LEND ADD_TO_WISHLIST CREATE_ITEM
43,user43,password,25 68 87,LOGIN BORROW LEND ADD_TO_WISHLIST CREATE_ITEM
44,user44,password, ,LOGIN BORROW LEND ADD_TO_WISHLIST CREATE_ITEM
45,user45,password,9 85 43,LOGIN BORROW LEND ADD_TO_WISHLIST CREATE_ITEM
46,user46,password,95 82 31,LOGIN BORROW LEND ADD_TO_WISHLIST CREATE_ITEM
47,user47,password,91 16 71,LOGIN BORROW LEND ADD_TO_WISHLIST CREATE_ITEM
48,user48,password,53 96,LOGIN BORROW LEND ADD_TO_WISHLIST CREATE_ITEM
49,user49,password,74 11 34,LOGIN BORROW LEND ADD_TO_WISHLIST CREATE_ITEM
50,user50,password,57,LOGIN BORROW LEND ADD_TO_WISHLIST CREATE_ITEM
51,user51,password,32 45,LOGIN BORROW LEND ADD_TO_WISHLIST CREATE_ITEM
52,user52,password,14,LOGIN BORROW LEND ADD_TO_WISHLIST CREATE_ITEM
53,user53,password,21 0,LOGIN BORROW LEND ADD_TO_WISHLIST CREATE_ITEM
54,user54,password,83 59,LOGIN BORROW LEND ADD_TO_WISHLIST CREATE_ITEM
55,user55,password,49,LOGIN BORROW LEND ADD_TO_WISHLIST CREATE_ITEM
56,user56,password,61 34 16,LOGIN BORROW LEND ADD_TO_WISHLIST CREATE_ITEM
57,user57,password, ,LOGIN BORROW LEND ADD_TO_WISHLIST CREATE_ITEM
58,user58,password,68 76 61,LOGIN BORROW LEND ADD_TO_WISHLIST CREATE_ITEM
59,user59,password, ,LOGIN BORROW LEND ADD_TO_WISHLIST CREATE_ITEM
60,user60,password,49 54,LOGIN BORROW LEND ADD_TO_WISHLIST CREATE_ITEM
61,user61,password, ,LOGIN BORROW LEND ADD_TO_WISHLIST CREATE_ITEM
62,user62,password, ,LOGIN BORROW LEND ADD_TO_WISHLIST CREATE_ITEM
63,user63,password,81 25 13,LOGIN BORROW LEND ADD_TO_WISHLIST CREATE_ITEM
64,user64,password,18 52,LOGIN BORROW LEND ADD_TO_WISHLIST CREATE_ITEM
65,user65,password,33 78 86,LOGIN BORROW LEND ADD_TO_WISHLIST CREATE_ITEM
66,user66,password,72 41,LOGIN BORROW LEND ADD_TO_WISHLIST CREATE_ITEM
67,user67,password,25,LOGIN BORROW LEND ADD_TO_WISHLIST CREATE_ITEM
68,user68,password,19 75 11,LOGIN BORROW LEND ADD_TO_WISHLIST CREATE_ITEM
69,user69,password,39 6 25,LOGIN BORROW LEND ADD_TO_WISHLIST CREATE_ITEM
70,user70,password, ,LOGIN BORROW LEND ADD_TO_WISHLIST CREATE_ITEM
71,user71,password,70 31 68,LOGIN BORROW LEND ADD_TO_WISHLIST CREATE_ITEM
72,user72,password,17 22 94,LOGIN BORROW LEND ADD_TO_WISHLIST CREATE_ITEM
73,user73,password, ,LOGIN BORROW LEND ADD_TO_WISHLIST CREATE_ITEM
74,user74,password, ,LOGIN BORROW LEND ADD_TO_WISHLIST CREATE_ITEM
75,user75,password, ,LOGIN BORROW LEND ADD_TO_WISHLIST CREATE_ITEM
76,user76,password,32,LOGIN BORROW LEND ADD_TO_WISHLIST CREATE_ITEM
77,user77,password, ,LOGIN BORROW LEND ADD_TO_WISHLIST CREATE_ITEM
78,user78,password,8,LOGIN BORROW LEND ADD_TO_WISHLIST CREATE_ITEM
79,user79,password, ,LOGIN BORROW LEND ADD_TO_WISHLIST CREATE_ITEM
80,user80,password,33 40 3,LOGIN BORROW LEND ADD_TO_WISHLIST CREATE_ITEM
81,user81,password,47 92,LOGIN BORROW LEND ADD_TO_WISHLIST CREATE_ITEM
82,user82,password,78 27 25,LOGIN BORROW LEND ADD_TO_WISHLIST CREATE_ITEM
83,user83,password,48 60,LOGIN BORROW LEND ADD_TO_WISHLIST CREATE_ITEM
84,user84,password,86 46,LOGIN BORROW LEND ADD_TO_WISHLIST CREATE_ITEM
85,user85,password, ,LOGIN BORROW LEND ADD_TO_WISHLIST CREATE_ITEM
86,user86,password, ,LOGIN BORROW LEND ADD_TO_WISHLIST CREATE_ITEM
87,user87,password,51 88 84,LOGIN BORROW LEND ADD_TO_WISHLIST CREATE_ITEM
88,user88,password, ,LOGIN BORROW LEND ADD_TO_WISHLIST CREATE_ITEM
89,user89,password,77 51 90,LOGIN BORROW LEND ADD_TO_WISHLIST CREATE_ITEM
90,user90,password, ,LOGIN BORROW LEND ADD_TO_WISHLIST CREATE_ITEM
91,user91,password, ,LOGIN BORROW LEND ADD_TO_WISHLIST CREATE_ITEM
92,user92,password,44 27,LOGIN BORROW LEND ADD_TO_WISHLIST CREATE_ITEM
93,user93,password, ,LOGIN BORROW LEND ADD_TO_WISHLIST CREATE_ITEM
94,user94,password,46,LOGIN BORROW LEND ADD_TO_WISHLIST CREATE_ITEM
95,user95,password, ,LOGIN BORROW LEND ADD_TO_WISHLIST CREATE_ITEM
96,user96,password,49 53,LOGIN BORROW LEND ADD_TO_WISHLIST CREATE_ITEM
97,user97,password,36 71 72,LOGIN BORROW LEND ADD_TO_WISHLIST CREATE_ITEM
98,user98,password,35 39 51,LOGIN BORROW LEND ADD_TO_WISHLIST CREATE_ITEM
99,user99,password, ,LOGIN BORROW LEND ADD_TO_WISHLIST CREATE_ITEM
100,admin,12345, ,LOGIN BORROW LEND ADD_TO_WISHLIST CREATE_ITEM ADD_ADMIN CHANGE_RESTRICTIONS FREEZE UNFREEZE CONFIRM_ITEM
