item_id,name,description,is_approved,owner_id
0,item0,description0,TRUE,0
1,item1,description1,TRUE,1
2,item2,description2,TRUE,2
3,item3,description3,TRUE,3
4,item4,description4,TRUE,4
5,item5,description5,TRUE,5
6,item6,description6,TRUE,6
7,item7,description7,TRUE,7
8,item8,description8,TRUE,8
9,item9,description9,TRUE,9
10,item10,description10,TRUE,10
11,item11,description11,TRUE,11
12,item12,description12,TRUE,12
13,item13,description13,TRUE,13
14,item14,description14,TRUE,14
15,item15,description15,TRUE,15
16,item16,description16,TRUE,16
17,item17,description17,TRUE,17
18,item18,description18,TRUE,18
19,item19,description19,TRUE,19
20,item20,description20,TRUE,20
21,item21,description21,TRUE,21
22,item22,description22,TRUE,22
23,item23,description23,TRUE,23
24,item24,description24,TRUE,24
25,item25,description25,TRUE,25
26,item26,description26,TRUE,26
27,item27,description27,TRUE,27
28,item28,description28,TRUE,28
29,item29,description29,TRUE,29
30,item30,description30,TRUE,30
31,item31,description31,TRUE,31
32,item32,description32,TRUE,32
33,item33,description33,TRUE,33
34,item34,description34,TRUE,34
35,item35,description35,TRUE,35
36,item36,description36,TRUE,36
37,item37,description37,TRUE,37
38,item38,description38,TRUE,38
39,item39,description39,TRUE,39
40,item40,description40,TRUE,40
41,item41,description41,TRUE,41
42,item42,description42,TRUE,42
43,item43,description43,TRUE,43
44,item44,description44,TRUE,44
45,item45,description45,TRUE,45
46,item46,description46,TRUE,46
47,item47,description47,TRUE,47
48,item48,description48,TRUE,48
49,item49,description49,TRUE,49
50,item50,description50,TRUE,50
51,item51,description51,TRUE,51
52,item52,description52,TRUE,52
53,item53,description53,TRUE,53
54,item54,description54,TRUE,54
55,item55,description55,TRUE,55
56,item56,description56,TRUE,56
57,item57,description57,TRUE,57
58,item58,description58,TRUE,58
59,item59,description59,TRUE,59
60,item60,description60,TRUE,60
61,item61,description61,TRUE,61
62,item62,description62,TRUE,62
63,item63,description63,TRUE,63
64,item64,description64,TRUE,64
65,item65,description65,TRUE,65
66,item66,description66,TRUE,66
67,item67,description67,TRUE,67
68,item68,description68,TRUE,68
69,item69,description69,TRUE,69
70,item70,description70,TRUE,70
71,item71,description71,TRUE,71
72,item72,description72,TRUE,72
73,item73,description73,TRUE,73
74,item74,description74,TRUE,74
75,item75,description75,TRUE,75
76,item76,description76,TRUE,76
77,item77,description77,TRUE,77
78,item78,description78,TRUE,78
79,item79,description79,TRUE,79
80,item80,description80,TRUE,80
81,item81,description81,TRUE,81
82,item82,description82,TRUE,82
83,item83,description83,TRUE,83
84,item84,description84,TRUE,84
85,item85,description85,TRUE,85
86,item86,description86,TRUE,86
87,item87,description87,TRUE,87
88,item88,description88,TRUE,88
89,item89,description89,TRUE,89
90,item90,description90,TRUE,90
91,item91,description91,TRUE,91
92,item92,description92,TRUE,92
93,item93,description93,TRUE,93
94,item94,description94,TRUE,94
95,item95,description95,TRUE,95
96,item96,description96,TRUE,96
97,item97,description97,TRUE,97
98,item98,description98,TRUE,98
99,item99,description99,TRUE,99