trade_id,trader_one_id,trader_two_id,trader_one_items,trader_two_items,timeplace,edit_counter,last_editor_id,status,is_permanent,trader_one_confirmed,trader_two_confirmed
0,36,0,36, ,2000-01-01T10:10 UTM,0,0,UNCONFIRMED,true,false,false
1,99,0,99, ,2000-01-01T10:10 UTM,0,0,UNCONFIRMED,true,false,false
3,0,2,0, ,2000-01-01T10:10 UTM,0,2,UNCONFIRMED,true,false,false
4,8,2,8, ,2000-01-01T10:10 UTM,0,2,UNCONFIRMED,false,false,false
5,90,2,90, ,2000-01-01T10:10 UTM,0,2,UNCONFIRMED,false,false,false
6,2,3,2, ,2000-01-01T10:10 UTM,0,3,UNCONFIRMED,true,false,false
7,21,3,21, ,2000-01-01T10:10 UTM,0,3,UNCONFIRMED,true,false,false
8,56,3,56, ,2000-01-01T10:10 UTM,0,3,UNCONFIRMED,true,false,false
9,31,4,31, ,2000-01-01T10:10 UTM,0,4,UNCONFIRMED,false,false,false
10,54,4,54, ,2000-01-01T10:10 UTM,0,4,UNCONFIRMED,false,false,false
11,59,4,59, ,2000-01-01T10:10 UTM,0,4,UNCONFIRMED,false,false,false
13,15,6,15, ,2000-01-01T10:10 UTM,0,6,UNCONFIRMED,true,false,false
14,31,6,31, ,2000-01-01T10:10 UTM,0,6,UNCONFIRMED,false,false,false
15,40,7,40, ,2000-01-01T10:10 UTM,0,7,UNCONFIRMED,true,false,false
17,14,9,14, ,2000-01-01T10:10 UTM,0,9,UNCONFIRMED,true,false,false
18,43,9,43, ,2000-01-01T10:10 UTM,0,9,UNCONFIRMED,false,false,false
19,25,10,25, ,2000-01-01T10:10 UTM,0,10,UNCONFIRMED,true,false,false
20,80,10,80, ,2000-01-01T10:10 UTM,0,10,UNCONFIRMED,true,false,false
22,6,12,6, ,2000-01-01T10:10 UTM,0,12,UNCONFIRMED,true,false,false
23,86,12,86, ,2000-01-01T10:10 UTM,0,12,UNCONFIRMED,true,false,false
24,98,12,98, ,2000-01-01T10:10 UTM,0,12,UNCONFIRMED,true,false,false
26,2,14,2, ,2000-01-01T10:10 UTM,0,14,UNCONFIRMED,true,false,false
27,12,14,12, ,2000-01-01T10:10 UTM,0,14,UNCONFIRMED,true,false,false
28,31,14,31, ,2000-01-01T10:10 UTM,0,14,UNCONFIRMED,true,false,false
30,63,16,63, ,2000-01-01T10:10 UTM,0,16,UNCONFIRMED,true,false,false
31,91,16,91, ,2000-01-01T10:10 UTM,0,16,UNCONFIRMED,false,false,false
32,95,16,95, ,2000-01-01T10:10 UTM,0,16,UNCONFIRMED,true,false,false
33,15,17,15, ,2000-01-01T10:10 UTM,0,17,UNCONFIRMED,false,false,false
34,66,17,66, ,2000-01-01T10:10 UTM,0,17,UNCONFIRMED,true,false,false
35,60,18,60, ,2000-01-01T10:10 UTM,0,18,UNCONFIRMED,false,false,false
36,25,19,25, ,2000-01-01T10:10 UTM,0,19,UNCONFIRMED,false,false,false
37,54,20,54, ,2000-01-01T10:10 UTM,0,20,UNCONFIRMED,false,false,false
38,22,21,22, ,2000-01-01T10:10 UTM,0,21,UNCONFIRMED,true,false,false
40,14,23,14, ,2000-01-01T10:10 UTM,0,23,UNCONFIRMED,false,false,false
41,72,24,72, ,2000-01-01T10:10 UTM,0,24,UNCONFIRMED,true,false,false
42,2,25,2, ,2000-01-01T10:10 UTM,0,25,UNCONFIRMED,true,false,false
43,10,25,10, ,2000-01-01T10:10 UTM,0,25,UNCONFIRMED,true,false,false
44,85,25,85, ,2000-01-01T10:10 UTM,0,25,UNCONFIRMED,false,false,false
45,0,26,0, ,2000-01-01T10:10 UTM,0,26,UNCONFIRMED,false,false,false
46,17,26,17, ,2000-01-01T10:10 UTM,0,26,UNCONFIRMED,false,false,false
47,60,26,60, ,2000-01-01T10:10 UTM,0,26,UNCONFIRMED,false,false,false
48,59,27,59, ,2000-01-01T10:10 UTM,0,27,UNCONFIRMED,false,false,false
49,63,27,63, ,2000-01-01T10:10 UTM,0,27,UNCONFIRMED,true,false,false
50,69,28,69, ,2000-01-01T10:10 UTM,0,28,UNCONFIRMED,false,false,false
51,98,28,98, ,2000-01-01T10:10 UTM,0,28,UNCONFIRMED,true,false,false
52,3,29,3, ,2000-01-01T10:10 UTM,0,29,UNCONFIRMED,true,false,false
53,47,30,47, ,2000-01-01T10:10 UTM,0,30,UNCONFIRMED,true,false,false
54,48,30,48, ,2000-01-01T10:10 UTM,0,30,UNCONFIRMED,true,false,false
55,67,30,67, ,2000-01-01T10:10 UTM,0,30,UNCONFIRMED,true,false,false
56,40,31,40, ,2000-01-01T10:10 UTM,0,31,UNCONFIRMED,true,false,false
57,23,32,23, ,2000-01-01T10:10 UTM,0,32,UNCONFIRMED,true,false,false
59,9,34,9, ,2000-01-01T10:10 UTM,0,34,UNCONFIRMED,false,false,false
62,26,37,26, ,2000-01-01T10:10 UTM,0,37,UNCONFIRMED,true,false,false
63,91,37,91, ,2000-01-01T10:10 UTM,0,37,UNCONFIRMED,false,false,false
64,25,38,25, ,2000-01-01T10:10 UTM,0,38,UNCONFIRMED,false,false,false
65,38,39,38, ,2000-01-01T10:10 UTM,0,39,UNCONFIRMED,true,false,false
66,86,39,86, ,2000-01-01T10:10 UTM,0,39,UNCONFIRMED,false,false,false
67,5,40,5, ,2000-01-01T10:10 UTM,0,40,UNCONFIRMED,true,false,false
68,36,40,36, ,2000-01-01T10:10 UTM,0,40,UNCONFIRMED,true,false,false
69,92,40,92, ,2000-01-01T10:10 UTM,0,40,UNCONFIRMED,true,false,false
71,72,42,72, ,2000-01-01T10:10 UTM,0,42,UNCONFIRMED,false,false,false
72,88,42,88, ,2000-01-01T10:10 UTM,0,42,UNCONFIRMED,true,false,false
73,96,42,96, ,2000-01-01T10:10 UTM,0,42,UNCONFIRMED,false,false,false
74,25,43,25, ,2000-01-01T10:10 UTM,0,43,UNCONFIRMED,true,false,false
75,68,43,68, ,2000-01-01T10:10 UTM,0,43,UNCONFIRMED,false,false,false
76,87,43,87, ,2000-01-01T10:10 UTM,0,43,UNCONFIRMED,false,false,false
78,9,45,9, ,2000-01-01T10:10 UTM,0,45,UNCONFIRMED,true,false,false
79,43,45,43, ,2000-01-01T10:10 UTM,0,45,UNCONFIRMED,false,false,false
80,85,45,85, ,2000-01-01T10:10 UTM,0,45,UNCONFIRMED,false,false,false
81,31,46,31, ,2000-01-01T10:10 UTM,0,46,UNCONFIRMED,false,false,false
82,82,46,82, ,2000-01-01T10:10 UTM,0,46,UNCONFIRMED,true,false,false
83,95,46,95, ,2000-01-01T10:10 UTM,0,46,UNCONFIRMED,false,false,false
84,16,47,16, ,2000-01-01T10:10 UTM,0,47,UNCONFIRMED,true,false,false
85,71,47,71, ,2000-01-01T10:10 UTM,0,47,UNCONFIRMED,true,false,false
86,91,47,91, ,2000-01-01T10:10 UTM,0,47,UNCONFIRMED,true,false,false
87,53,48,53, ,2000-01-01T10:10 UTM,0,48,UNCONFIRMED,false,false,false
88,96,48,96, ,2000-01-01T10:10 UTM,0,48,UNCONFIRMED,true,false,false
89,11,49,11, ,2000-01-01T10:10 UTM,0,49,UNCONFIRMED,false,false,false
90,34,49,34, ,2000-01-01T10:10 UTM,0,49,UNCONFIRMED,true,false,false
91,74,49,74, ,2000-01-01T10:10 UTM,0,49,UNCONFIRMED,true,false,false
92,57,50,57, ,2000-01-01T10:10 UTM,0,50,UNCONFIRMED,true,false,false
93,32,51,32, ,2000-01-01T10:10 UTM,0,51,UNCONFIRMED,false,false,false
94,45,51,45, ,2000-01-01T10:10 UTM,0,51,UNCONFIRMED,true,false,false
95,14,52,14, ,2000-01-01T10:10 UTM,0,52,UNCONFIRMED,false,false,false
96,0,53,0, ,2000-01-01T10:10 UTM,0,53,UNCONFIRMED,true,false,false
97,21,53,21, ,2000-01-01T10:10 UTM,0,53,UNCONFIRMED,false,false,false
98,59,54,59, ,2000-01-01T10:10 UTM,0,54,UNCONFIRMED,true,false,false
99,83,54,83, ,2000-01-01T10:10 UTM,0,54,UNCONFIRMED,false,false,false
100,49,55,49, ,2000-01-01T10:10 UTM,0,55,UNCONFIRMED,true,false,false
101,16,56,16, ,2000-01-01T10:10 UTM,0,56,UNCONFIRMED,true,false,false
102,34,56,34, ,2000-01-01T10:10 UTM,0,56,UNCONFIRMED,true,false,false
103,61,56,61, ,2000-01-01T10:10 UTM,0,56,UNCONFIRMED,true,false,false
105,61,58,61, ,2000-01-01T10:10 UTM,0,58,UNCONFIRMED,false,false,false
106,68,58,68, ,2000-01-01T10:10 UTM,0,58,UNCONFIRMED,true,false,false
107,76,58,76, ,2000-01-01T10:10 UTM,0,58,UNCONFIRMED,false,false,false
109,49,60,49, ,2000-01-01T10:10 UTM,0,60,UNCONFIRMED,false,false,false
110,54,60,54, ,2000-01-01T10:10 UTM,0,60,UNCONFIRMED,true,false,false
113,13,63,13, ,2000-01-01T10:10 UTM,0,63,UNCONFIRMED,true,false,false
114,25,63,25, ,2000-01-01T10:10 UTM,0,63,UNCONFIRMED,false,false,false
115,81,63,81, ,2000-01-01T10:10 UTM,0,63,UNCONFIRMED,false,false,false
116,18,64,18, ,2000-01-01T10:10 UTM,0,64,UNCONFIRMED,true,false,false
117,52,64,52, ,2000-01-01T10:10 UTM,0,64,UNCONFIRMED,false,false,false
118,33,65,33, ,2000-01-01T10:10 UTM,0,65,UNCONFIRMED,true,false,false
119,78,65,78, ,2000-01-01T10:10 UTM,0,65,UNCONFIRMED,true,false,false
120,86,65,86, ,2000-01-01T10:10 UTM,0,65,UNCONFIRMED,true,false,false
121,41,66,41, ,2000-01-01T10:10 UTM,0,66,UNCONFIRMED,true,false,false
122,72,66,72, ,2000-01-01T10:10 UTM,0,66,UNCONFIRMED,true,false,false
123,25,67,25, ,2000-01-01T10:10 UTM,0,67,UNCONFIRMED,true,false,false
124,11,68,11, ,2000-01-01T10:10 UTM,0,68,UNCONFIRMED,true,false,false
125,19,68,19, ,2000-01-01T10:10 UTM,0,68,UNCONFIRMED,true,false,false
126,75,68,75, ,2000-01-01T10:10 UTM,0,68,UNCONFIRMED,false,false,false
127,6,69,6, ,2000-01-01T10:10 UTM,0,69,UNCONFIRMED,true,false,false
128,25,69,25, ,2000-01-01T10:10 UTM,0,69,UNCONFIRMED,false,false,false
129,39,69,39, ,2000-01-01T10:10 UTM,0,69,UNCONFIRMED,false,false,false
131,31,71,31, ,2000-01-01T10:10 UTM,0,71,UNCONFIRMED,true,false,false
132,68,71,68, ,2000-01-01T10:10 UTM,0,71,UNCONFIRMED,false,false,false
133,70,71,70, ,2000-01-01T10:10 UTM,0,71,UNCONFIRMED,false,false,false
134,17,72,17, ,2000-01-01T10:10 UTM,0,72,UNCONFIRMED,false,false,false
135,22,72,22, ,2000-01-01T10:10 UTM,0,72,UNCONFIRMED,false,false,false
136,94,72,94, ,2000-01-01T10:10 UTM,0,72,UNCONFIRMED,false,false,false
140,32,76,32, ,2000-01-01T10:10 UTM,0,76,UNCONFIRMED,false,false,false
142,8,78,8, ,2000-01-01T10:10 UTM,0,78,UNCONFIRMED,false,false,false
144,3,80,3, ,2000-01-01T10:10 UTM,0,80,UNCONFIRMED,false,false,false
145,33,80,33, ,2000-01-01T10:10 UTM,0,80,UNCONFIRMED,false,false,false
146,40,80,40, ,2000-01-01T10:10 UTM,0,80,UNCONFIRMED,false,false,false
147,47,81,47, ,2000-01-01T10:10 UTM,0,81,UNCONFIRMED,false,false,false
148,92,81,92, ,2000-01-01T10:10 UTM,0,81,UNCONFIRMED,false,false,false
149,25,82,25, ,2000-01-01T10:10 UTM,0,82,UNCONFIRMED,false,false,false
150,27,82,27, ,2000-01-01T10:10 UTM,0,82,UNCONFIRMED,true,false,false
151,78,82,78, ,2000-01-01T10:10 UTM,0,82,UNCONFIRMED,false,false,false
152,48,83,48, ,2000-01-01T10:10 UTM,0,83,UNCONFIRMED,false,false,false
153,60,83,60, ,2000-01-01T10:10 UTM,0,83,UNCONFIRMED,true,false,false
154,46,84,46, ,2000-01-01T10:10 UTM,0,84,UNCONFIRMED,false,false,false
155,86,84,86, ,2000-01-01T10:10 UTM,0,84,UNCONFIRMED,true,false,false
158,51,87,51, ,2000-01-01T10:10 UTM,0,87,UNCONFIRMED,false,false,false
159,84,87,84, ,2000-01-01T10:10 UTM,0,87,UNCONFIRMED,false,false,false
160,88,87,88, ,2000-01-01T10:10 UTM,0,87,UNCONFIRMED,false,false,false
162,51,89,51, ,2000-01-01T10:10 UTM,0,89,UNCONFIRMED,false,false,false
163,77,89,77, ,2000-01-01T10:10 UTM,0,89,UNCONFIRMED,false,false,false
164,90,89,90, ,2000-01-01T10:10 UTM,0,89,UNCONFIRMED,true,false,false
167,27,92,27, ,2000-01-01T10:10 UTM,0,92,UNCONFIRMED,false,false,false
168,44,92,44, ,2000-01-01T10:10 UTM,0,92,UNCONFIRMED,false,false,false
170,46,94,46, ,2000-01-01T10:10 UTM,0,94,UNCONFIRMED,true,false,false
172,49,96,49, ,2000-01-01T10:10 UTM,0,96,UNCONFIRMED,false,false,false
173,53,96,53, ,2000-01-01T10:10 UTM,0,96,UNCONFIRMED,false,false,false
174,36,97,36, ,2000-01-01T10:10 UTM,0,97,UNCONFIRMED,false,false,false
175,71,97,71, ,2000-01-01T10:10 UTM,0,97,UNCONFIRMED,true,false,false
176,72,97,72, ,2000-01-01T10:10 UTM,0,97,UNCONFIRMED,false,false,false
177,35,98,35, ,2000-01-01T10:10 UTM,0,98,UNCONFIRMED,true,false,false
178,39,98,39, ,2000-01-01T10:10 UTM,0,98,UNCONFIRMED,true,false,false
179,51,98,51, ,2000-01-01T10:10 UTM,0,98,UNCONFIRMED,false,false,false
